cluster_id,total_posts,communities,sources,first_seen,last_seen,cross_community,cross_source,duration_hours,community_spread_rate,first_community_time,last_community_time,communities_adopted,adoption_duration_hours,propagation_velocity,source_count,cross_source_spread,recent_community_max,recent_community_growth,recent_windows_active,propagation_score,propagation_status
0,126,2,1,2022-12-03 13:07:20+00:00,2022-12-18 03:10:04+00:00,1,0,350.04555555555555,0.00571354204690818,2022-12-03 13:07:20+00:00,2022-12-15 13:56:48+00:00,2,288.82444444444445,0.0830954597564072,1,0,2,2.0,3,32.34,LOW
5,321,2,1,2022-12-03 14:52:58+00:00,2022-12-18 02:58:57+00:00,1,0,348.0997222222222,0.0057454800228861624,2022-12-03 14:52:58+00:00,2022-12-12 19:17:35+00:00,2,220.41027777777776,0.10888784426013609,1,0,2,2.0,3,32.93,LOW
6,91,1,1,2022-12-03 16:46:18+00:00,2022-12-18 03:05:30+00:00,0,0,346.32,0.0028875028875028877,2022-12-03 16:46:18+00:00,2022-12-03 16:46:18+00:00,1,0.0,0.0,1,0,1,1.0,3,7.87,LOW
7,180,2,1,2022-12-05 23:30:10+00:00,2022-12-18 02:50:57+00:00,1,0,291.3463888888889,0.006864680930583774,2022-12-05 23:30:10+00:00,2022-12-12 19:31:53+00:00,2,164.0286111111111,0.1463159374296151,1,0,2,2.0,3,33.75,LOW
9,8,2,1,2022-12-06 14:43:22+00:00,2022-12-18 02:48:07+00:00,1,0,276.07916666666665,0.007244298887698276,2022-12-06 14:43:22+00:00,2022-12-13 00:40:43+00:00,2,153.95583333333335,0.1558888642305423,1,0,1,1.0,3,29.18,LOW
10,259,1,1,2022-12-12 18:46:12+00:00,2022-12-15 14:55:10+00:00,0,0,68.14944444444444,0.014673633925441637,2022-12-12 18:46:12+00:00,2022-12-12 18:46:12+00:00,1,0.0,0.0,1,0,1,1.0,2,7.87,LOW
11,39,2,1,2022-12-06 17:13:55+00:00,2022-12-18 03:06:07+00:00,1,0,273.87,0.0073027348742103915,2022-12-06 17:13:55+00:00,2022-12-13 09:51:55+00:00,2,160.63333333333333,0.14940859099398215,1,0,2,2.0,3,33.82,LOW
12,39,2,1,2022-12-06 00:44:33+00:00,2022-12-18 02:58:10+00:00,1,0,290.2269444444444,0.006891158930224145,2022-12-06 00:44:33+00:00,2022-12-15 03:45:41+00:00,2,219.01888888888888,0.10957958978677639,1,0,2,2.0,3,32.94,LOW
15,29,2,1,2022-12-05 00:31:23+00:00,2022-12-18 03:05:56+00:00,1,0,314.5758333333333,0.006357767469952927,2022-12-05 00:31:23+00:00,2022-12-13 20:49:49+00:00,2,212.3072222222222,0.11304372855898032,1,0,2,2.0,3,33.02,LOW
16,113,2,1,2022-12-03 08:32:54+00:00,2022-12-18 02:36:38+00:00,1,0,354.0622222222222,0.005648724643502712,2022-12-03 08:32:54+00:00,2022-12-13 17:25:33+00:00,2,248.8775,0.09643298409860274,1,0,2,2.0,3,32.65,LOW
22,204,2,1,2022-12-13 01:29:37+00:00,2022-12-18 03:05:56+00:00,1,0,121.60527777777777,0.01644665459055825,2022-12-13 01:29:37+00:00,2022-12-17 23:51:01+00:00,2,118.35666666666667,0.20277691722758892,1,0,2,2.0,2,34.94,LOW
36,8,1,1,2022-12-07 14:04:05+00:00,2022-12-17 08:06:23+00:00,0,0,234.03833333333333,0.00427280431268382,2022-12-07 14:04:05+00:00,2022-12-07 14:04:05+00:00,1,0.0,0.0,1,0,1,1.0,3,7.87,LOW
40,269,2,1,2022-12-07 10:56:53+00:00,2022-12-18 01:45:03+00:00,1,0,254.80277777777778,0.00784920799311014,2022-12-07 10:56:53+00:00,2022-12-12 18:58:13+00:00,2,128.0222222222222,0.18746745356708908,1,0,2,2.0,3,34.62,LOW
47,72,2,1,2022-12-03 14:05:19+00:00,2022-12-18 03:03:47+00:00,1,0,348.97444444444443,0.005731078684526407,2022-12-03 14:05:19+00:00,2022-12-13 03:04:12+00:00,2,228.9813888888889,0.10481201165063149,1,0,2,2.0,3,32.84,LOW
48,6,2,1,2022-12-10 13:29:01+00:00,2022-12-18 01:59:15+00:00,1,0,180.5038888888889,0.011080093688347743,2022-12-10 13:29:01+00:00,2022-12-15 00:32:02+00:00,2,107.05027777777778,0.22419371998100582,1,0,2,2.0,2,35.37,LOW
49,242,2,1,2022-12-03 09:21:33+00:00,2022-12-18 03:01:50+00:00,1,0,353.6713888888889,0.005654966906662415,2022-12-03 09:21:33+00:00,2022-12-13 18:18:21+00:00,2,248.94666666666666,0.09640619141984896,1,0,2,2.0,3,32.65,LOW
53,172,2,1,2022-12-10 17:56:37+00:00,2022-12-18 03:11:18+00:00,1,0,177.2447222222222,0.011283833870621443,2022-12-10 17:56:37+00:00,2022-12-12 19:20:46+00:00,2,49.4025,0.4858053742219523,1,0,2,2.0,2,39.97,LOW
59,128,2,1,2022-12-04 16:34:39+00:00,2022-12-18 03:06:16+00:00,1,0,322.52694444444444,0.006201032299626991,2022-12-04 16:34:39+00:00,2022-12-15 14:37:37+00:00,2,262.0494444444444,0.09158576943706553,1,0,2,2.0,3,32.54,LOW
61,6,2,1,2022-12-04 23:16:43+00:00,2022-12-16 13:11:05+00:00,1,0,277.9061111111111,0.007196675136087128,2022-12-04 23:16:43+00:00,2022-12-15 01:29:24+00:00,2,242.21138888888888,0.09908700045070824,1,0,2,2.0,3,32.71,LOW
64,6,2,1,2022-12-07 00:23:31+00:00,2022-12-18 02:04:11+00:00,1,0,265.6777777777778,0.007527916021914599,2022-12-07 00:23:31+00:00,2022-12-13 00:42:55+00:00,2,144.32333333333332,0.16629327667043906,1,0,2,1.0,3,29.41,LOW
67,142,2,1,2022-12-03 17:33:35+00:00,2022-12-18 03:10:46+00:00,1,0,345.6197222222222,0.0057867068092661254,2022-12-03 17:33:35+00:00,2022-12-15 14:07:37+00:00,2,284.5672222222222,0.08433859603569555,1,0,2,2.0,3,32.37,LOW
69,276,2,1,2022-12-06 22:49:30+00:00,2022-12-18 03:10:03+00:00,1,0,268.3425,0.007453161537959884,2022-12-06 22:49:30+00:00,2022-12-13 10:25:06+00:00,2,155.59333333333333,0.15424825399545825,1,0,2,2.0,3,33.92,LOW
70,437,2,1,2022-12-13 16:38:14+00:00,2022-12-18 03:08:28+00:00,1,0,106.5038888888889,0.01877865701304595,2022-12-13 16:38:14+00:00,2022-12-17 23:43:41+00:00,2,103.09083333333334,0.23280440388330678,1,0,2,2.0,2,35.54,LOW
72,7,2,1,2022-12-06 21:32:07+00:00,2022-12-18 02:02:19+00:00,1,0,268.50333333333333,0.00744869709873248,2022-12-06 21:32:07+00:00,2022-12-12 19:57:36+00:00,2,142.42472222222221,0.16851007062210252,1,0,2,2.0,3,34.23,LOW
75,187,2,1,2022-12-03 10:35:04+00:00,2022-12-18 03:04:15+00:00,1,0,352.4863888888889,0.00567397795501954,2022-12-03 10:35:04+00:00,2022-12-12 19:04:40+00:00,2,224.49333333333334,0.10690740630753696,1,0,2,2.0,3,32.88,LOW
88,6,1,1,2022-12-04 12:14:13+00:00,2022-12-18 02:58:44+00:00,0,0,326.74194444444447,0.0030605192170851782,2022-12-04 12:14:13+00:00,2022-12-04 12:14:13+00:00,1,0.0,0.0,1,0,1,1.0,3,7.87,LOW
90,209,2,1,2022-12-03 08:13:04+00:00,2022-12-18 03:09:05+00:00,1,0,354.93361111111113,0.005634856596812706,2022-12-03 08:13:04+00:00,2022-12-13 05:57:11+00:00,2,237.73527777777778,0.10095262354135727,1,0,2,2.0,3,32.75,LOW
93,5,1,1,2022-12-13 23:37:37+00:00,2022-12-18 02:26:37+00:00,0,0,98.81666666666666,0.010119750379490639,2022-12-13 23:37:37+00:00,2022-12-13 23:37:37+00:00,1,0.0,0.0,1,0,1,1.0,2,7.87,LOW
