cluster_id,time_window,volume,engagement,average_engagement,community_count,velocity,growth_rate,acceleration,velocity_log,acceleration_log,engagement_velocity,engagement_growth,community_velocity,baseline_volume,baseline_std,baseline_available,anomaly_score,positive_anomaly_score,above_baseline,persistence_windows,persistence_score,positive_growth,growth_score,positive_velocity,velocity_score,positive_acceleration,acceleration_score,log_engagement,engagement_score,anomaly_score_normalized,community_spread_score,raw_signal_score,persistence_multiplier,signal_score,signal_status,total_posts,active_windows,max_volume,temporal_signal_score,anomaly,persistence,communities
69,2022-12-15 00:00:00+00:00,269.0,1963.0,7.297397769516729,2.0,263.0,3.6525118099430616,258.0,5.575949103146316,5.556828061699537,-16563.0,-0.8940408075137162,0.0,0.0,0.0,False,0.0,0.0,False,0.0,0.0,3.6525118099430616,1.0,5.575949103146316,1.0,5.556828061699537,1.0,7.582738488914411,0.6472200279032655,0.0,0.0,74.64,0.85,63.44,MEDIUM,276.0,3,269.0,63.44,0.0,0.0,2.0
22,2022-12-15 00:00:00+00:00,192.0,9431.0,49.119791666666664,2.0,180.0,2.697740831443349,168.0,5.198497031265826,5.1298987149230735,9375.0,167.41071428272483,1.0,0.0,0.0,False,0.0,0.0,False,0.0,0.0,2.697740831443349,0.8842222557275703,5.198497031265826,0.9549318482628043,5.1298987149230735,0.9486807093599403,9.151863442217207,0.8189830271747834,0.0,1.0,74.4,0.85,63.24,MEDIUM,204.0,2,192.0,63.24,0.0,0.0,2.0
70,2022-12-15 00:00:00+00:00,431.0,844.0,1.9582366589327147,2.0,425.0,4.122515439188797,419.0,6.054439346269371,6.040254711277414,-4373.0,-0.8382211999231668,1.0,0.0,0.0,False,0.0,0.0,False,0.0,0.0,4.122515439188797,1.0,6.054439346269371,1.0,6.040254711277414,1.0,6.739336627357174,0.5548977223868495,0.0,1.0,74.15,0.85,63.03,MEDIUM,437.0,2,431.0,63.03,0.0,0.0,2.0
67,2022-12-15 00:00:00+00:00,131.0,11736.0,89.58778625954199,2.0,125.0,2.936891773531057,124.0,4.836281906951478,4.8283137373023015,-38554.0,-0.7666335255517843,1.0,0.0,0.0,False,0.0,0.0,False,0.0,0.0,2.936891773531057,0.9265965084343002,4.836281906951478,0.8883951635152865,4.8283137373023015,0.8929080973843322,9.370501524100124,0.8429160687213699,0.0,1.0,73.62,0.85,62.58,MEDIUM,142.0,3,131.0,62.58,0.0,0.0,2.0
90,2022-12-15 00:00:00+00:00,156.0,9882.0,63.34615384615385,2.0,122.0,1.5008977438588942,107.0,4.812184355372417,4.68213122712422,-4907.0,-0.3318006626546533,0.0,0.0,0.0,False,0.0,0.0,False,0.0,0.0,1.5008977438588942,0.6197969397999114,4.812184355372417,0.8839685918870638,4.68213122712422,0.8658743224194713,9.198571388376184,0.8240958748834325,0.0,0.0,63.76,0.85,54.2,MEDIUM,209.0,3,156.0,54.2,0.0,0.0,2.0
59,2022-12-15 00:00:00+00:00,85.0,57058.0,671.2705882352941,2.0,57.0,1.0870514662670332,44.0,4.060443010546419,3.8066624897703196,-32003.0,-0.3593379818326724,1.0,0.0,0.0,False,0.0,0.0,False,0.0,0.0,1.0870514662670332,0.4974822817919782,4.060443010546419,0.745878342433664,3.8066624897703196,0.703972431382271,10.951841099202072,1.0,0.0,1.0,59.62,0.85,50.68,MEDIUM,128.0,3,85.0,50.68,0.0,0.0,2.0
49,2022-12-15 00:00:00+00:00,127.0,60528.0,476.59842519685037,2.0,57.0,0.5893503868783014,32.0,4.060443010546419,3.4965075614664802,-94507.0,-0.6095849324346077,0.0,0.0,0.0,False,0.0,0.0,False,0.0,0.0,0.5893503868783014,0.31327957315653293,4.060443010546419,0.745878342433664,3.4965075614664802,0.6466149641600004,11.010877868015744,1.0,0.0,0.0,52.69,0.85,44.79,MEDIUM,242.0,3,127.0,44.79,0.0,0.0,2.0
12,2022-12-15 00:00:00+00:00,31.0,45.0,1.4516129032258065,2.0,26.0,1.6739764335716716,24.0,3.295836866004329,3.2188758248682006,-8502.0,-0.9947349947348783,1.0,0.0,0.0,False,0.0,0.0,False,0.0,0.0,1.6739764335716716,0.6650431087750697,3.295836866004329,0.6054249086028313,3.2188758248682006,0.595272064922888,3.828641396489095,0.23628081315544777,0.0,1.0,44.82,0.85,38.1,LOW,39.0,3,31.0,38.1,0.0,0.0,2.0
11,2022-12-15 00:00:00+00:00,33.0,48.0,1.4545454545454546,2.0,28.0,1.7346010553881066,24.0,3.367295829986474,3.2188758248682006,-589.0,-0.9246467817881874,0.0,0.0,0.0,False,0.0,0.0,False,0.0,0.0,1.7346010553881066,0.680201746274932,3.367295829986474,0.6185514796367285,3.2188758248682006,0.595272064922888,3.8918202981106265,0.24319664073842823,0.0,0.0,44.32,0.85,37.67,LOW,39.0,3,33.0,37.67,0.0,0.0,2.0
9,2022-12-15 00:00:00+00:00,6.0,15091.0,2515.1666666666665,1.0,5.0,1.252762968495368,5.0,1.791759469228055,1.791759469228055,15091.0,15091000000000.0,0.0,0.0,0.0,False,0.0,0.0,False,0.0,0.0,1.252762968495368,0.5491439813547685,1.791759469228055,0.3291351656645459,1.791759469228055,0.33135306147952887,9.621920081084202,0.8704373985741678,0.0,0.0,42.43,0.85,36.07,LOW,8.0,3,6.0,36.07,0.0,0.0,1.0
0,2022-12-15 00:00:00+00:00,62.0,7574.0,122.16129032258064,2.0,19.0,0.35894509247327155,-3.0,2.995732273553991,-1.3862943611198906,-127258.0,-0.9438263913610943,1.0,0.0,0.0,False,0.0,0.0,False,0.0,0.0,0.35894509247327155,0.20738251449799242,2.995732273553991,0.550297545555944,0.0,0.0,8.93260863037757,0.7949824757801864,0.0,1.0,31.66,0.85,26.91,LOW,126.0,3,62.0,26.91,0.0,0.0,2.0
15,2022-12-15 00:00:00+00:00,18.0,848.0,47.111111111111114,2.0,9.0,0.6418538861723944,2.0,2.302585092994046,1.0986122886681098,258.0,0.4372881355924792,0.0,0.0,0.0,False,0.0,0.0,False,0.0,0.0,0.6418538861723944,0.33525503712329013,2.302585092994046,0.42297068275900856,1.0986122886681098,0.2031681994604135,6.744059186311348,0.555414673499314,0.0,0.0,30.54,0.85,25.96,LOW,29.0,3,18.0,25.96,0.0,0.0,2.0
5,2022-12-15 00:00:00+00:00,168.0,16535.0,98.42261904761905,2.0,16.0,0.09946079353063819,-135.0,2.833213344056216,-4.912654885736052,-225762.0,-0.9317573061160439,0.0,0.0,0.0,False,0.0,0.0,False,0.0,0.0,0.09946079353063819,0.06411289098318584,2.833213344056216,0.5204438203754541,0.0,0.0,9.713295101361604,0.8804396915772246,0.0,0.0,27.87,0.85,23.69,LOW,321.0,3,168.0,23.69,0.0,0.0,2.0
48,2022-12-15 00:00:00+00:00,5.0,8.0,1.6,2.0,4.0,1.0986122886681096,3.0,1.6094379124341003,1.3862943611198906,-221.0,-0.9650655021791918,1.0,0.0,0.0,False,0.0,0.0,False,0.0,0.0,1.0986122886681096,0.5012173753817977,1.6094379124341003,0.295643819962073,1.3862943611198906,0.2563697240382308,2.1972245773362196,0.05769908495727053,0.0,1.0,25.21,0.85,21.43,LOW,6.0,2,5.0,21.43,0.0,0.0,2.0
93,2022-12-15 00:00:00+00:00,4.0,68.0,17.0,1.0,3.0,0.916290731874155,2.0,1.3862943611198906,1.0986122886681098,68.0,67999999999.99999,0.0,0.0,0.0,False,0.0,0.0,False,0.0,0.0,0.916290731874155,0.4397651307492544,1.3862943611198906,0.254653725593871,1.0986122886681098,0.2031681994604135,4.23410650459726,0.2806647246610405,0.0,0.0,24.84,0.85,21.11,LOW,5.0,2,4.0,21.11,0.0,0.0,1.0
36,2022-12-15 00:00:00+00:00,4.0,32257.0,8064.25,1.0,1.0,0.2231435513142097,-1.0,0.6931471805599453,-0.6931471805599453,32256.0,32255.999967744,0.0,0.0,0.0,False,0.0,0.0,False,0.0,0.0,0.2231435513142097,0.13619391371901104,0.6931471805599453,0.1273268627969355,0.0,0.0,10.381521353477128,0.9535865400890264,0.0,0.0,23.67,0.85,20.12,LOW,8.0,3,4.0,20.12,0.0,0.0,1.0
75,2022-12-15 00:00:00+00:00,80.0,11576.0,144.7,2.0,1.0,0.012422519998557924,-50.0,0.6931471805599453,-3.9318256327243257,-13705.0,-0.5421067204619856,0.0,0.0,0.0,False,0.0,0.0,False,0.0,0.0,0.012422519998557924,0.008347800165562875,0.6931471805599453,0.1273268627969355,0.0,0.0,9.356775650205728,0.8414135769900635,0.0,0.0,18.37,0.85,15.61,LOW,187.0,3,80.0,15.61,0.0,0.0,2.0
16,2022-12-15 00:00:00+00:00,22.0,37563.0,1707.409090909091,2.0,-42.0,-1.0388930539664871,-79.0,-3.7612001156935624,-4.382026634673881,-197744.0,-0.840365989962046,0.0,0.0,0.0,False,0.0,0.0,False,0.0,0.0,0.0,0.0,0.0,0.0,0.0,0.0,10.533801423924505,0.9702557553572334,0.0,0.0,18.19,0.85,15.46,LOW,113.0,3,64.0,15.46,0.0,0.0,2.0
47,2022-12-15 00:00:00+00:00,27.0,14298.0,529.5555555555555,2.0,-4.0,-0.13353139262452274,-21.0,-1.6094379124341003,-3.091042453358316,7033.0,0.9680660701994538,0.0,0.0,0.0,False,0.0,0.0,False,0.0,0.0,0.0,0.0,0.0,0.0,0.0,0.0,9.567944883732848,0.8645290470666434,0.0,0.0,16.21,0.85,13.78,LOW,72.0,3,31.0,13.78,0.0,0.0,2.0
7,2022-12-15 00:00:00+00:00,77.0,13568.0,176.2077922077922,2.0,-19.0,-0.21800215181379112,-108.0,-2.995732273553991,-4.6913478822291435,-18226.0,-0.5732528149965221,0.0,0.0,0.0,False,0.0,0.0,False,0.0,0.0,0.0,0.0,0.0,0.0,0.0,0.0,9.515543058145953,0.8587929234321535,0.0,0.0,16.1,0.85,13.68,LOW,180.0,3,96.0,13.68,0.0,0.0,2.0
72,2022-12-15 00:00:00+00:00,4.0,8.0,2.0,2.0,2.0,0.5108256237659905,1.0,1.0986122886681098,0.6931471805599453,8.0,7999999999.999999,1.0,0.0,0.0,False,0.0,0.0,False,0.0,0.0,0.5108256237659905,0.2790194296877336,1.0986122886681098,0.20180830286761045,0.6931471805599453,0.1281848620191154,2.1972245773362196,0.05769908495727053,0.0,1.0,15.49,0.85,13.17,LOW,7.0,3,4.0,13.17,0.0,0.0,2.0
61,2022-12-15 00:00:00+00:00,3.0,192.0,64.0,2.0,1.0,0.2876820724517808,0.0,0.6931471805599453,0.0,138.0,2.5555555555082305,1.0,0.0,0.0,False,0.0,0.0,False,0.0,0.0,0.2876820724517808,0.17096146652746275,0.6931471805599453,0.1273268627969355,0.0,0.0,5.262690188904886,0.393257809263101,0.0,1.0,15.28,0.85,12.99,LOW,6.0,3,3.0,12.99,0.0,0.0,2.0
6,2022-12-15 00:00:00+00:00,39.0,5827.0,149.4102564102564,1.0,0.0,0.0,-26.0,0.0,-3.295836866004329,-45596.0,-0.8866849464247344,0.0,0.0,0.0,False,0.0,0.0,False,0.0,0.0,0.0,0.0,0.0,0.0,0.0,0.0,8.670429167315095,0.7662832120101348,0.0,0.0,14.37,0.85,12.21,LOW,91.0,3,39.0,12.21,0.0,0.0,1.0
10,2022-12-15 00:00:00+00:00,77.0,787.0,10.220779220779221,1.0,-105.0,-0.8527773261518297,-287.0,-4.663439094112067,-5.662960480135946,-3825.0,-0.8293581960102278,0.0,0.0,0.0,False,0.0,0.0,False,0.0,0.0,0.0,0.0,0.0,0.0,0.0,0.0,6.669498089857879,0.547252903126047,0.0,0.0,10.26,0.85,8.72,LOW,259.0,2,182.0,8.72,0.0,0.0,1.0
40,2022-12-15 00:00:00+00:00,119.0,519.0,4.361344537815126,2.0,-30.0,-0.2231435513142097,-178.0,-3.4339872044851463,-5.187385805840755,-83112.0,-0.993794167234626,0.0,0.0,0.0,False,0.0,0.0,False,0.0,0.0,0.0,0.0,0.0,0.0,0.0,0.0,6.253828811575473,0.501752000350565,0.0,0.0,9.41,0.85,8.0,LOW,269.0,3,149.0,8.0,0.0,0.0,2.0
88,2022-12-15 00:00:00+00:00,3.0,3.0,1.0,1.0,1.0,0.2876820724517808,0.0,0.6931471805599453,0.0,-20.0,-0.8695652173534971,0.0,0.0,0.0,False,0.0,0.0,False,0.0,0.0,0.2876820724517808,0.17096146652746275,0.6931471805599453,0.1273268627969355,0.0,0.0,1.3862943611198906,0.0,0.0,0.0,6.66,0.85,5.66,LOW,6.0,3,3.0,5.66,0.0,0.0,1.0
53,2022-12-15 00:00:00+00:00,73.0,101.0,1.3835616438356164,2.0,-26.0,-0.3011050927839216,-125.0,-3.295836866004329,-4.836281906951478,-36757.0,-0.997259753649113,0.0,0.0,0.0,False,0.0,0.0,False,0.0,0.0,0.0,0.0,0.0,0.0,0.0,0.0,4.624972813284271,0.32345059034557694,0.0,0.0,6.06,0.85,5.15,LOW,172.0,2,99.0,5.15,0.0,0.0,2.0
64,2022-12-15 00:00:00+00:00,2.0,2.0,1.0,1.0,-1.0,-0.2876820724517808,-3.0,-0.6931471805599453,-1.3862943611198906,-63.0,-0.9692307692158579,-1.0,0.0,0.0,False,0.0,0.0,False,0.0,0.0,0.0,0.0,0.0,0.0,0.0,0.0,1.0986122886681098,0.0,0.0,0.0,0.0,0.85,0.0,LOW,6.0,3,3.0,0.0,0.0,0.0,1.0
